resume_text,career
"Detail-oriented Business Analyst skilled in gather user requirements, process modeling, data visualization, SQL queries, Excel dashboards, and stakeholder management. Passionate about leveraging modern software and data technologies.",Business Analyst
"Detail-oriented Business Analyst skilled in gather user requirements, process modeling, data visualization, SQL queries, Excel dashboards, and stakeholder management. Adept at troubleshooting, problem solving, and technical writing.",Business Analyst
"System and Security Administrator proficient in Linux terminal scripting, network routing, firewalls, SIEM alert triage, and threat mitigation. Hands-on project experience in academic and commercial environments.",Cybersecurity Analyst
"AI/ML Specialist with expertise in predictive modeling, feature engineering using Pandas, statistical analysis, model deployment, and deep learning frameworks including TensorFlow and PyTorch. Adept at troubleshooting, problem solving, and technical writing.",AI/ML Engineer
"Junior Web Developer experienced in building interactive frontend interfaces using React, JavaScript, CSS animations, HTML structure, and consuming backend REST APIs. Proficient with Git and GitHub. Fast learner with strong analytical skills.",Web Developer
"Experienced Data Analyst skilled in SQL queries, data manipulation with NumPy and Pandas, Excel pivot tables, and statistical modeling. Strong background in ETL pipelines and Tableau visual reporting. Adept at troubleshooting, problem solving, and technical writing.",Data Analyst
"Data Science Enthusiast specializing in Machine Learning, Deep Learning, computer vision, and neural network architectures using Python, NumPy, and PyTorch. Familiar with Linux and Git workflows. Proven experience in cross-functional projects.",AI/ML Engineer
"Detail-oriented Business Analyst skilled in gather user requirements, process modeling, data visualization, SQL queries, Excel dashboards, and stakeholder management. Certified professional eager to drive tech solutions.",Business Analyst
"Junior Cybersecurity Analyst with hands-on practice in Linux OS, IP networking, Wireshark packet analysis, SIEM dashboard monitoring, and network security practices. Strong technical aptitude and team collaboration abilities.",Cybersecurity Analyst
"Operations Business Analyst proficient in requirements analysis, statistical business analysis, Excel data modeling, Power BI reports, and problem-solving methodologies. Hands-on project experience in academic and commercial environments.",Business Analyst
"Business Analyst with expertise in requirements analysis, SQL database querying, Excel reporting, Power BI reporting, and executive communication. Proven record in bridging business needs and technical solutions. Proven experience in cross-functional projects.",Business Analyst
"Full-stack Web Developer skilled in HTML, CSS, JavaScript, React, and REST API integration. Passionate about responsive UI design, clean code standards, frontend state management, and Git collaboration. Strong technical aptitude and team collaboration abilities.",Web Developer
"Web Engineer passionate about user experience, frontend performance, React state management, HTML, CSS grid/flexbox, REST APIs, and team collaboration via Git. Strong technical aptitude and team collaboration abilities.",Web Developer
"Cybersecurity Analyst with strong background in computer networking, Linux administration, Python scripting for automation, security auditing, SIEM log analysis, and network defense. Strong technical aptitude and team collaboration abilities.",Cybersecurity Analyst
"Cybersecurity Professional experienced in Linux systems, network protocol analysis, SIEM tools, firewalls, and network security policies. Strong analytical skills and knowledge of ethical hacking principles. Certified professional eager to drive tech solutions.",Cybersecurity Analyst
"Experienced Data Analyst skilled in SQL queries, data manipulation with NumPy and Pandas, Excel pivot tables, and statistical modeling. Strong background in ETL pipelines and Tableau visual reporting. Certified professional eager to drive tech solutions.",Data Analyst
"Information Assurance Specialist experienced in Linux environment, network security architecture, vulnerability assessment, SIEM tool management, and security policy enforcement. Adept at troubleshooting, problem solving, and technical writing.",Cybersecurity Analyst
"Cybersecurity Analyst with strong background in computer networking, Linux administration, Python scripting for automation, security auditing, SIEM log analysis, and network defense. Certified professional eager to drive tech solutions.",Cybersecurity Analyst
"Junior Analyst with hands-on experience in Excel spreadsheet analysis, SQL database queries, Python scripts, statistical distribution analysis, and business intelligence reports. Certified professional eager to drive tech solutions.",Data Analyst
"Software Engineer transitioning to AI/ML with strong proficiency in Python, NumPy, Pandas, Scikit-learn, Machine Learning algorithms, deep neural nets, and PyTorch. Hands-on project experience in academic and commercial environments.",AI/ML Engineer
"Software Developer specializing in web development using JavaScript, React, REST API architecture, HTML5, CSS3 styles, and Git branch workflows. Fast learner with strong analytical skills.",Web Developer
"Web Application Developer proficient in HTML, CSS, JavaScript, React, REST API development, and version control using Git. Knowledgeable in frontend optimization and modern UI frameworks. Certified professional eager to drive tech solutions.",Web Developer
"Junior Business Analyst experienced in creating requirements documents, SQL data retrieval, advanced Excel formulas, Power BI dashboards, and cross-functional communication. Passionate about leveraging modern software and data technologies.",Business Analyst
"Passionate Data Analyst intern experienced in exploratory data analysis using Pandas and NumPy. Knowledgeable in SQL queries, Excel formulas, Statistics, and creating dashboards. Passionate about leveraging modern software and data technologies.",Data Analyst
"Business-focused Data Analyst proficient in SQL, Python, ETL processing, data hygiene, and statistical testing. Skilled at conveying complex data insights using Tableau and Power BI. Fast learner with strong analytical skills.",Data Analyst
"Passionate Data Analyst intern experienced in exploratory data analysis using Pandas and NumPy. Knowledgeable in SQL queries, Excel formulas, Statistics, and creating dashboards. Passionate about leveraging modern software and data technologies.",Data Analyst
"Web Engineer passionate about user experience, frontend performance, React state management, HTML, CSS grid/flexbox, REST APIs, and team collaboration via Git. Certified professional eager to drive tech solutions.",Web Developer
"Data Professional with expertise in Python, SQL, Excel, and Pandas. Proficient in building interactive Power BI dashboards, executing complex data visualizations, and generating actionable business insights. Adept at troubleshooting, problem solving, and technical writing.",Data Analyst
"Junior Analyst with hands-on experience in Excel spreadsheet analysis, SQL database queries, Python scripts, statistical distribution analysis, and business intelligence reports. Passionate about leveraging modern software and data technologies.",Data Analyst
"Responsive Web Developer skilled in HTML structure, CSS layouts, client-side JavaScript, React single-page applications, and Git version control system. Adept at troubleshooting, problem solving, and technical writing.",Web Developer
"Full-stack Web Developer skilled in HTML, CSS, JavaScript, React, and REST API integration. Passionate about responsive UI design, clean code standards, frontend state management, and Git collaboration. Adept at troubleshooting, problem solving, and technical writing.",Web Developer
"Security Operations Analyst proficient in monitoring network security logs using SIEM software, configuring Linux servers, analyzing network traffic, and incident response procedures. Hands-on project experience in academic and commercial environments.",Cybersecurity Analyst
"Web Application Developer proficient in HTML, CSS, JavaScript, React, REST API development, and version control using Git. Knowledgeable in frontend optimization and modern UI frameworks. Certified professional eager to drive tech solutions.",Web Developer
"Graduate researcher focusing on Machine Learning and Deep Learning. Experienced in writing clean Python code, performing statistical evaluations, utilizing NumPy for tensor computations, and managing code with Git. Fast learner with strong analytical skills.",AI/ML Engineer
"Responsive Web Developer skilled in HTML structure, CSS layouts, client-side JavaScript, React single-page applications, and Git version control system. Certified professional eager to drive tech solutions.",Web Developer
"Business Systems Analyst skilled in translating business goals into requirements specs, using SQL and Excel for data inspection, and presenting reports in Power BI. Adept at troubleshooting, problem solving, and technical writing.",Business Analyst
"Cybersecurity Analyst with strong background in computer networking, Linux administration, Python scripting for automation, security auditing, SIEM log analysis, and network defense. Hands-on project experience in academic and commercial environments.",Cybersecurity Analyst
"Cybersecurity Professional experienced in Linux systems, network protocol analysis, SIEM tools, firewalls, and network security policies. Strong analytical skills and knowledge of ethical hacking principles. Hands-on project experience in academic and commercial environments.",Cybersecurity Analyst
"Junior Web Developer experienced in building interactive frontend interfaces using React, JavaScript, CSS animations, HTML structure, and consuming backend REST APIs. Proficient with Git and GitHub. Fast learner with strong analytical skills.",Web Developer
"Experienced Data Analyst skilled in SQL queries, data manipulation with NumPy and Pandas, Excel pivot tables, and statistical modeling. Strong background in ETL pipelines and Tableau visual reporting. Proven experience in cross-functional projects.",Data Analyst
"Responsive Web Developer skilled in HTML structure, CSS layouts, client-side JavaScript, React single-page applications, and Git version control system. Proven experience in cross-functional projects.",Web Developer
"Software Engineer transitioning to AI/ML with strong proficiency in Python, NumPy, Pandas, Scikit-learn, Machine Learning algorithms, deep neural nets, and PyTorch. Proven experience in cross-functional projects.",AI/ML Engineer
"Experienced Data Analyst skilled in SQL queries, data manipulation with NumPy and Pandas, Excel pivot tables, and statistical modeling. Strong background in ETL pipelines and Tableau visual reporting. Adept at troubleshooting, problem solving, and technical writing.",Data Analyst
"Analytical thinker with solid skills in Python data analysis, SQL database management, data modeling, and data visualization tools like Power BI. Proven track record of turning raw data into strategic business reports. Certified professional eager to drive tech solutions.",Data Analyst
"Web Engineer passionate about user experience, frontend performance, React state management, HTML, CSS grid/flexbox, REST APIs, and team collaboration via Git. Strong technical aptitude and team collaboration abilities.",Web Developer
"Business Systems Analyst skilled in translating business goals into requirements specs, using SQL and Excel for data inspection, and presenting reports in Power BI. Passionate about leveraging modern software and data technologies.",Business Analyst
"Data Professional with expertise in Python, SQL, Excel, and Pandas. Proficient in building interactive Power BI dashboards, executing complex data visualizations, and generating actionable business insights. Certified professional eager to drive tech solutions.",Data Analyst
"Full-stack Web Developer skilled in HTML, CSS, JavaScript, React, and REST API integration. Passionate about responsive UI design, clean code standards, frontend state management, and Git collaboration. Passionate about leveraging modern software and data technologies.",Web Developer
"Cybersecurity Professional experienced in Linux systems, network protocol analysis, SIEM tools, firewalls, and network security policies. Strong analytical skills and knowledge of ethical hacking principles. Certified professional eager to drive tech solutions.",Cybersecurity Analyst
"Information Assurance Specialist experienced in Linux environment, network security architecture, vulnerability assessment, SIEM tool management, and security policy enforcement. Passionate about leveraging modern software and data technologies.",Cybersecurity Analyst
"Software Engineer transitioning to AI/ML with strong proficiency in Python, NumPy, Pandas, Scikit-learn, Machine Learning algorithms, deep neural nets, and PyTorch. Fast learner with strong analytical skills.",AI/ML Engineer
"Data Science Enthusiast specializing in Machine Learning, Deep Learning, computer vision, and neural network architectures using Python, NumPy, and PyTorch. Familiar with Linux and Git workflows. Adept at troubleshooting, problem solving, and technical writing.",AI/ML Engineer
"Junior Web Developer experienced in building interactive frontend interfaces using React, JavaScript, CSS animations, HTML structure, and consuming backend REST APIs. Proficient with Git and GitHub. Adept at troubleshooting, problem solving, and technical writing.",Web Developer
"Graduate researcher focusing on Machine Learning and Deep Learning. Experienced in writing clean Python code, performing statistical evaluations, utilizing NumPy for tensor computations, and managing code with Git. Fast learner with strong analytical skills.",AI/ML Engineer
"Business Systems Analyst skilled in translating business goals into requirements specs, using SQL and Excel for data inspection, and presenting reports in Power BI. Hands-on project experience in academic and commercial environments.",Business Analyst
"Data Professional with expertise in Python, SQL, Excel, and Pandas. Proficient in building interactive Power BI dashboards, executing complex data visualizations, and generating actionable business insights. Fast learner with strong analytical skills.",Data Analyst
"Junior Business Analyst experienced in creating requirements documents, SQL data retrieval, advanced Excel formulas, Power BI dashboards, and cross-functional communication. Fast learner with strong analytical skills.",Business Analyst
"Web Engineer passionate about user experience, frontend performance, React state management, HTML, CSS grid/flexbox, REST APIs, and team collaboration via Git. Hands-on project experience in academic and commercial environments.",Web Developer
"Passionate Data Analyst intern experienced in exploratory data analysis using Pandas and NumPy. Knowledgeable in SQL queries, Excel formulas, Statistics, and creating dashboards. Certified professional eager to drive tech solutions.",Data Analyst
"Cybersecurity Analyst with strong background in computer networking, Linux administration, Python scripting for automation, security auditing, SIEM log analysis, and network defense. Strong technical aptitude and team collaboration abilities.",Cybersecurity Analyst
"Strategy & Business Analyst with strong problem-solving skills, SQL proficiency, Excel analytical reporting, requirements gathering, and business process optimization. Strong technical aptitude and team collaboration abilities.",Business Analyst
"Information Assurance Specialist experienced in Linux environment, network security architecture, vulnerability assessment, SIEM tool management, and security policy enforcement. Fast learner with strong analytical skills.",Cybersecurity Analyst
"Junior Business Analyst experienced in creating requirements documents, SQL data retrieval, advanced Excel formulas, Power BI dashboards, and cross-functional communication. Hands-on project experience in academic and commercial environments.",Business Analyst
"Results-oriented Data Analyst adept in Python data processing, SQL stored procedures, Pandas, NumPy, statistical modeling, and designing executive dashboard presentations. Strong technical aptitude and team collaboration abilities.",Data Analyst
"Detail-oriented Business Analyst skilled in gather user requirements, process modeling, data visualization, SQL queries, Excel dashboards, and stakeholder management. Certified professional eager to drive tech solutions.",Business Analyst
"Full-stack Web Developer skilled in HTML, CSS, JavaScript, React, and REST API integration. Passionate about responsive UI design, clean code standards, frontend state management, and Git collaboration. Strong technical aptitude and team collaboration abilities.",Web Developer
"Cybersecurity Analyst with strong background in computer networking, Linux administration, Python scripting for automation, security auditing, SIEM log analysis, and network defense. Strong technical aptitude and team collaboration abilities.",Cybersecurity Analyst
"Full-stack Web Developer skilled in HTML, CSS, JavaScript, React, and REST API integration. Passionate about responsive UI design, clean code standards, frontend state management, and Git collaboration. Fast learner with strong analytical skills.",Web Developer
"Information Assurance Specialist experienced in Linux environment, network security architecture, vulnerability assessment, SIEM tool management, and security policy enforcement. Strong technical aptitude and team collaboration abilities.",Cybersecurity Analyst
"Data Science Enthusiast specializing in Machine Learning, Deep Learning, computer vision, and neural network architectures using Python, NumPy, and PyTorch. Familiar with Linux and Git workflows. Hands-on project experience in academic and commercial environments.",AI/ML Engineer
"Full-stack Web Developer skilled in HTML, CSS, JavaScript, React, and REST API integration. Passionate about responsive UI design, clean code standards, frontend state management, and Git collaboration. Passionate about leveraging modern software and data technologies.",Web Developer
"Junior Business Analyst experienced in creating requirements documents, SQL data retrieval, advanced Excel formulas, Power BI dashboards, and cross-functional communication. Proven experience in cross-functional projects.",Business Analyst
"AI Developer skilled in building machine learning models using Python, TensorFlow, and PyTorch. Solid foundation in linear algebra, statistics, natural language processing, and deep learning algorithms. Proven experience in cross-functional projects.",AI/ML Engineer
"Responsive Web Developer skilled in HTML structure, CSS layouts, client-side JavaScript, React single-page applications, and Git version control system. Passionate about leveraging modern software and data technologies.",Web Developer
"Operations Business Analyst proficient in requirements analysis, statistical business analysis, Excel data modeling, Power BI reports, and problem-solving methodologies. Strong technical aptitude and team collaboration abilities.",Business Analyst
"Business Analyst with expertise in requirements analysis, SQL database querying, Excel reporting, Power BI reporting, and executive communication. Proven record in bridging business needs and technical solutions. Certified professional eager to drive tech solutions.",Business Analyst
"Junior Business Analyst experienced in creating requirements documents, SQL data retrieval, advanced Excel formulas, Power BI dashboards, and cross-functional communication. Fast learner with strong analytical skills.",Business Analyst
"Experienced Data Analyst skilled in SQL queries, data manipulation with NumPy and Pandas, Excel pivot tables, and statistical modeling. Strong background in ETL pipelines and Tableau visual reporting. Strong technical aptitude and team collaboration abilities.",Data Analyst
"Junior Analyst with hands-on experience in Excel spreadsheet analysis, SQL database queries, Python scripts, statistical distribution analysis, and business intelligence reports. Certified professional eager to drive tech solutions.",Data Analyst
"Business Systems Analyst skilled in translating business goals into requirements specs, using SQL and Excel for data inspection, and presenting reports in Power BI. Passionate about leveraging modern software and data technologies.",Business Analyst
"Security Operations Analyst proficient in monitoring network security logs using SIEM software, configuring Linux servers, analyzing network traffic, and incident response procedures. Certified professional eager to drive tech solutions.",Cybersecurity Analyst
"Junior Business Analyst experienced in creating requirements documents, SQL data retrieval, advanced Excel formulas, Power BI dashboards, and cross-functional communication. Certified professional eager to drive tech solutions.",Business Analyst
"Operations Business Analyst proficient in requirements analysis, statistical business analysis, Excel data modeling, Power BI reports, and problem-solving methodologies. Strong technical aptitude and team collaboration abilities.",Business Analyst
"Business Analyst with expertise in requirements analysis, SQL database querying, Excel reporting, Power BI reporting, and executive communication. Proven record in bridging business needs and technical solutions. Strong technical aptitude and team collaboration abilities.",Business Analyst
"Software Developer specializing in web development using JavaScript, React, REST API architecture, HTML5, CSS3 styles, and Git branch workflows. Hands-on project experience in academic and commercial environments.",Web Developer
"Cybersecurity Professional experienced in Linux systems, network protocol analysis, SIEM tools, firewalls, and network security policies. Strong analytical skills and knowledge of ethical hacking principles. Adept at troubleshooting, problem solving, and technical writing.",Cybersecurity Analyst
"AI Developer skilled in building machine learning models using Python, TensorFlow, and PyTorch. Solid foundation in linear algebra, statistics, natural language processing, and deep learning algorithms. Passionate about leveraging modern software and data technologies.",AI/ML Engineer
"Frontend Developer with experience in modern JavaScript, HTML5, CSS3, React components, and RESTful web services. Proven ability to build pixel-perfect, accessible, and responsive user interfaces. Certified professional eager to drive tech solutions.",Web Developer
"Operations Business Analyst proficient in requirements analysis, statistical business analysis, Excel data modeling, Power BI reports, and problem-solving methodologies. Proven experience in cross-functional projects.",Business Analyst
"Junior Analyst with hands-on experience in Excel spreadsheet analysis, SQL database queries, Python scripts, statistical distribution analysis, and business intelligence reports. Passionate about leveraging modern software and data technologies.",Data Analyst
"Data Science Enthusiast specializing in Machine Learning, Deep Learning, computer vision, and neural network architectures using Python, NumPy, and PyTorch. Familiar with Linux and Git workflows. Fast learner with strong analytical skills.",AI/ML Engineer
"Machine Learning Engineer with strong background in Python, NumPy, Pandas, Scikit-learn, PyTorch, and TensorFlow. Experienced in building deep neural networks, model training, hyperparameter optimization, and Git version control. Fast learner with strong analytical skills.",AI/ML Engineer
"Software Engineer transitioning to AI/ML with strong proficiency in Python, NumPy, Pandas, Scikit-learn, Machine Learning algorithms, deep neural nets, and PyTorch. Proven experience in cross-functional projects.",AI/ML Engineer
"System and Security Administrator proficient in Linux terminal scripting, network routing, firewalls, SIEM alert triage, and threat mitigation. Fast learner with strong analytical skills.",Cybersecurity Analyst
"AI Engineer adept at building supervised and unsupervised machine learning pipelines, optimizing models with Scikit-learn and TensorFlow, and deploying scalable Python microservices. Certified professional eager to drive tech solutions.",AI/ML Engineer
"AI/ML Specialist with expertise in predictive modeling, feature engineering using Pandas, statistical analysis, model deployment, and deep learning frameworks including TensorFlow and PyTorch. Fast learner with strong analytical skills.",AI/ML Engineer
"Strategy & Business Analyst with strong problem-solving skills, SQL proficiency, Excel analytical reporting, requirements gathering, and business process optimization. Adept at troubleshooting, problem solving, and technical writing.",Business Analyst
"AI/ML Specialist with expertise in predictive modeling, feature engineering using Pandas, statistical analysis, model deployment, and deep learning frameworks including TensorFlow and PyTorch. Adept at troubleshooting, problem solving, and technical writing.",AI/ML Engineer
"Junior Analyst with hands-on experience in Excel spreadsheet analysis, SQL database queries, Python scripts, statistical distribution analysis, and business intelligence reports. Passionate about leveraging modern software and data technologies.",Data Analyst
"Data Science Enthusiast specializing in Machine Learning, Deep Learning, computer vision, and neural network architectures using Python, NumPy, and PyTorch. Familiar with Linux and Git workflows. Certified professional eager to drive tech solutions.",AI/ML Engineer
"Web Application Developer proficient in HTML, CSS, JavaScript, React, REST API development, and version control using Git. Knowledgeable in frontend optimization and modern UI frameworks. Passionate about leveraging modern software and data technologies.",Web Developer
"Junior Web Developer experienced in building interactive frontend interfaces using React, JavaScript, CSS animations, HTML structure, and consuming backend REST APIs. Proficient with Git and GitHub. Fast learner with strong analytical skills.",Web Developer
"Cybersecurity Professional experienced in Linux systems, network protocol analysis, SIEM tools, firewalls, and network security policies. Strong analytical skills and knowledge of ethical hacking principles. Fast learner with strong analytical skills.",Cybersecurity Analyst
"Full-stack Web Developer skilled in HTML, CSS, JavaScript, React, and REST API integration. Passionate about responsive UI design, clean code standards, frontend state management, and Git collaboration. Adept at troubleshooting, problem solving, and technical writing.",Web Developer
"Data Professional with expertise in Python, SQL, Excel, and Pandas. Proficient in building interactive Power BI dashboards, executing complex data visualizations, and generating actionable business insights. Certified professional eager to drive tech solutions.",Data Analyst
"Responsive Web Developer skilled in HTML structure, CSS layouts, client-side JavaScript, React single-page applications, and Git version control system. Fast learner with strong analytical skills.",Web Developer
"Cybersecurity Professional experienced in Linux systems, network protocol analysis, SIEM tools, firewalls, and network security policies. Strong analytical skills and knowledge of ethical hacking principles. Hands-on project experience in academic and commercial environments.",Cybersecurity Analyst
"Operations Business Analyst proficient in requirements analysis, statistical business analysis, Excel data modeling, Power BI reports, and problem-solving methodologies. Strong technical aptitude and team collaboration abilities.",Business Analyst
"Cybersecurity Analyst with strong background in computer networking, Linux administration, Python scripting for automation, security auditing, SIEM log analysis, and network defense. Strong technical aptitude and team collaboration abilities.",Cybersecurity Analyst
"Information Security Analyst skilled in Linux command line, networking infrastructure, intrusion detection systems, SIEM monitoring, threat detection, and network security standard operating procedures. Passionate about leveraging modern software and data technologies.",Cybersecurity Analyst
"Junior Analyst with hands-on experience in Excel spreadsheet analysis, SQL database queries, Python scripts, statistical distribution analysis, and business intelligence reports. Adept at troubleshooting, problem solving, and technical writing.",Data Analyst
"Experienced Data Analyst skilled in SQL queries, data manipulation with NumPy and Pandas, Excel pivot tables, and statistical modeling. Strong background in ETL pipelines and Tableau visual reporting. Fast learner with strong analytical skills.",Data Analyst
"Information Assurance Specialist experienced in Linux environment, network security architecture, vulnerability assessment, SIEM tool management, and security policy enforcement. Adept at troubleshooting, problem solving, and technical writing.",Cybersecurity Analyst
"Passionate Data Analyst intern experienced in exploratory data analysis using Pandas and NumPy. Knowledgeable in SQL queries, Excel formulas, Statistics, and creating dashboards. Certified professional eager to drive tech solutions.",Data Analyst
"Web Engineer passionate about user experience, frontend performance, React state management, HTML, CSS grid/flexbox, REST APIs, and team collaboration via Git. Strong technical aptitude and team collaboration abilities.",Web Developer
"Operations Business Analyst proficient in requirements analysis, statistical business analysis, Excel data modeling, Power BI reports, and problem-solving methodologies. Hands-on project experience in academic and commercial environments.",Business Analyst
"Experienced Data Analyst skilled in SQL queries, data manipulation with NumPy and Pandas, Excel pivot tables, and statistical modeling. Strong background in ETL pipelines and Tableau visual reporting. Adept at troubleshooting, problem solving, and technical writing.",Data Analyst
"Software Developer specializing in web development using JavaScript, React, REST API architecture, HTML5, CSS3 styles, and Git branch workflows. Adept at troubleshooting, problem solving, and technical writing.",Web Developer
"Passionate Data Analyst intern experienced in exploratory data analysis using Pandas and NumPy. Knowledgeable in SQL queries, Excel formulas, Statistics, and creating dashboards. Adept at troubleshooting, problem solving, and technical writing.",Data Analyst
"Junior Business Analyst experienced in creating requirements documents, SQL data retrieval, advanced Excel formulas, Power BI dashboards, and cross-functional communication. Certified professional eager to drive tech solutions.",Business Analyst
"Detail-oriented Business Analyst skilled in gather user requirements, process modeling, data visualization, SQL queries, Excel dashboards, and stakeholder management. Strong technical aptitude and team collaboration abilities.",Business Analyst
"Data Science Enthusiast specializing in Machine Learning, Deep Learning, computer vision, and neural network architectures using Python, NumPy, and PyTorch. Familiar with Linux and Git workflows. Certified professional eager to drive tech solutions.",AI/ML Engineer
"Junior Cybersecurity Analyst with hands-on practice in Linux OS, IP networking, Wireshark packet analysis, SIEM dashboard monitoring, and network security practices. Proven experience in cross-functional projects.",Cybersecurity Analyst
"Business Systems Analyst skilled in translating business goals into requirements specs, using SQL and Excel for data inspection, and presenting reports in Power BI. Fast learner with strong analytical skills.",Business Analyst
"Analytical Business Consultant experienced in requirement engineering, data-driven decision making, Power BI visualization, SQL data analysis, and professional communication. Adept at troubleshooting, problem solving, and technical writing.",Business Analyst
"Junior Analyst with hands-on experience in Excel spreadsheet analysis, SQL database queries, Python scripts, statistical distribution analysis, and business intelligence reports. Strong technical aptitude and team collaboration abilities.",Data Analyst
"Data Science Enthusiast specializing in Machine Learning, Deep Learning, computer vision, and neural network architectures using Python, NumPy, and PyTorch. Familiar with Linux and Git workflows. Strong technical aptitude and team collaboration abilities.",AI/ML Engineer
"AI Developer skilled in building machine learning models using Python, TensorFlow, and PyTorch. Solid foundation in linear algebra, statistics, natural language processing, and deep learning algorithms. Certified professional eager to drive tech solutions.",AI/ML Engineer
"Data Professional with expertise in Python, SQL, Excel, and Pandas. Proficient in building interactive Power BI dashboards, executing complex data visualizations, and generating actionable business insights. Passionate about leveraging modern software and data technologies.",Data Analyst
"Junior Web Developer experienced in building interactive frontend interfaces using React, JavaScript, CSS animations, HTML structure, and consuming backend REST APIs. Proficient with Git and GitHub. Proven experience in cross-functional projects.",Web Developer
"Machine Learning Engineer with strong background in Python, NumPy, Pandas, Scikit-learn, PyTorch, and TensorFlow. Experienced in building deep neural networks, model training, hyperparameter optimization, and Git version control. Strong technical aptitude and team collaboration abilities.",AI/ML Engineer
"AI Developer skilled in building machine learning models using Python, TensorFlow, and PyTorch. Solid foundation in linear algebra, statistics, natural language processing, and deep learning algorithms. Strong technical aptitude and team collaboration abilities.",AI/ML Engineer
"Analytical thinker with solid skills in Python data analysis, SQL database management, data modeling, and data visualization tools like Power BI. Proven track record of turning raw data into strategic business reports. Hands-on project experience in academic and commercial environments.",Data Analyst
"Information Assurance Specialist experienced in Linux environment, network security architecture, vulnerability assessment, SIEM tool management, and security policy enforcement. Hands-on project experience in academic and commercial environments.",Cybersecurity Analyst
"Cybersecurity Professional experienced in Linux systems, network protocol analysis, SIEM tools, firewalls, and network security policies. Strong analytical skills and knowledge of ethical hacking principles. Hands-on project experience in academic and commercial environments.",Cybersecurity Analyst
"Strategy & Business Analyst with strong problem-solving skills, SQL proficiency, Excel analytical reporting, requirements gathering, and business process optimization. Certified professional eager to drive tech solutions.",Business Analyst
"Detail-oriented Business Analyst skilled in gather user requirements, process modeling, data visualization, SQL queries, Excel dashboards, and stakeholder management. Fast learner with strong analytical skills.",Business Analyst
"Graduate researcher focusing on Machine Learning and Deep Learning. Experienced in writing clean Python code, performing statistical evaluations, utilizing NumPy for tensor computations, and managing code with Git. Fast learner with strong analytical skills.",AI/ML Engineer
"Results-oriented Data Analyst adept in Python data processing, SQL stored procedures, Pandas, NumPy, statistical modeling, and designing executive dashboard presentations. Proven experience in cross-functional projects.",Data Analyst
"Business Systems Analyst skilled in translating business goals into requirements specs, using SQL and Excel for data inspection, and presenting reports in Power BI. Proven experience in cross-functional projects.",Business Analyst
"Detail-oriented Business Analyst skilled in gather user requirements, process modeling, data visualization, SQL queries, Excel dashboards, and stakeholder management. Strong technical aptitude and team collaboration abilities.",Business Analyst
"System and Security Administrator proficient in Linux terminal scripting, network routing, firewalls, SIEM alert triage, and threat mitigation. Proven experience in cross-functional projects.",Cybersecurity Analyst
"Junior Business Analyst experienced in creating requirements documents, SQL data retrieval, advanced Excel formulas, Power BI dashboards, and cross-functional communication. Hands-on project experience in academic and commercial environments.",Business Analyst
"Machine Learning Engineer with strong background in Python, NumPy, Pandas, Scikit-learn, PyTorch, and TensorFlow. Experienced in building deep neural networks, model training, hyperparameter optimization, and Git version control. Fast learner with strong analytical skills.",AI/ML Engineer
"Full-stack Web Developer skilled in HTML, CSS, JavaScript, React, and REST API integration. Passionate about responsive UI design, clean code standards, frontend state management, and Git collaboration. Fast learner with strong analytical skills.",Web Developer
"Web Engineer passionate about user experience, frontend performance, React state management, HTML, CSS grid/flexbox, REST APIs, and team collaboration via Git. Fast learner with strong analytical skills.",Web Developer
"Analytical Business Consultant experienced in requirement engineering, data-driven decision making, Power BI visualization, SQL data analysis, and professional communication. Fast learner with strong analytical skills.",Business Analyst
"Web Engineer passionate about user experience, frontend performance, React state management, HTML, CSS grid/flexbox, REST APIs, and team collaboration via Git. Adept at troubleshooting, problem solving, and technical writing.",Web Developer
"System and Security Administrator proficient in Linux terminal scripting, network routing, firewalls, SIEM alert triage, and threat mitigation. Hands-on project experience in academic and commercial environments.",Cybersecurity Analyst
"Business Analyst with expertise in requirements analysis, SQL database querying, Excel reporting, Power BI reporting, and executive communication. Proven record in bridging business needs and technical solutions. Hands-on project experience in academic and commercial environments.",Business Analyst
"Information Security Analyst skilled in Linux command line, networking infrastructure, intrusion detection systems, SIEM monitoring, threat detection, and network security standard operating procedures. Fast learner with strong analytical skills.",Cybersecurity Analyst
"AI Engineer adept at building supervised and unsupervised machine learning pipelines, optimizing models with Scikit-learn and TensorFlow, and deploying scalable Python microservices. Adept at troubleshooting, problem solving, and technical writing.",AI/ML Engineer
"Analytical thinker with solid skills in Python data analysis, SQL database management, data modeling, and data visualization tools like Power BI. Proven track record of turning raw data into strategic business reports. Fast learner with strong analytical skills.",Data Analyst
"Full-stack Web Developer skilled in HTML, CSS, JavaScript, React, and REST API integration. Passionate about responsive UI design, clean code standards, frontend state management, and Git collaboration. Proven experience in cross-functional projects.",Web Developer
"Software Engineer transitioning to AI/ML with strong proficiency in Python, NumPy, Pandas, Scikit-learn, Machine Learning algorithms, deep neural nets, and PyTorch. Certified professional eager to drive tech solutions.",AI/ML Engineer
"Business Systems Analyst skilled in translating business goals into requirements specs, using SQL and Excel for data inspection, and presenting reports in Power BI. Fast learner with strong analytical skills.",Business Analyst
"Graduate researcher focusing on Machine Learning and Deep Learning. Experienced in writing clean Python code, performing statistical evaluations, utilizing NumPy for tensor computations, and managing code with Git. Passionate about leveraging modern software and data technologies.",AI/ML Engineer
"Data Science Enthusiast specializing in Machine Learning, Deep Learning, computer vision, and neural network architectures using Python, NumPy, and PyTorch. Familiar with Linux and Git workflows. Hands-on project experience in academic and commercial environments.",AI/ML Engineer
"Cybersecurity Professional experienced in Linux systems, network protocol analysis, SIEM tools, firewalls, and network security policies. Strong analytical skills and knowledge of ethical hacking principles. Strong technical aptitude and team collaboration abilities.",Cybersecurity Analyst
"Information Security Analyst skilled in Linux command line, networking infrastructure, intrusion detection systems, SIEM monitoring, threat detection, and network security standard operating procedures. Passionate about leveraging modern software and data technologies.",Cybersecurity Analyst
"Graduate researcher focusing on Machine Learning and Deep Learning. Experienced in writing clean Python code, performing statistical evaluations, utilizing NumPy for tensor computations, and managing code with Git. Certified professional eager to drive tech solutions.",AI/ML Engineer
"Web Engineer passionate about user experience, frontend performance, React state management, HTML, CSS grid/flexbox, REST APIs, and team collaboration via Git. Hands-on project experience in academic and commercial environments.",Web Developer
"Analytical Business Consultant experienced in requirement engineering, data-driven decision making, Power BI visualization, SQL data analysis, and professional communication. Strong technical aptitude and team collaboration abilities.",Business Analyst
"AI/ML Specialist with expertise in predictive modeling, feature engineering using Pandas, statistical analysis, model deployment, and deep learning frameworks including TensorFlow and PyTorch. Hands-on project experience in academic and commercial environments.",AI/ML Engineer
"Passionate Data Analyst intern experienced in exploratory data analysis using Pandas and NumPy. Knowledgeable in SQL queries, Excel formulas, Statistics, and creating dashboards. Fast learner with strong analytical skills.",Data Analyst
"Full-stack Web Developer skilled in HTML, CSS, JavaScript, React, and REST API integration. Passionate about responsive UI design, clean code standards, frontend state management, and Git collaboration. Certified professional eager to drive tech solutions.",Web Developer
"AI Engineer adept at building supervised and unsupervised machine learning pipelines, optimizing models with Scikit-learn and TensorFlow, and deploying scalable Python microservices. Passionate about leveraging modern software and data technologies.",AI/ML Engineer
"AI Engineer adept at building supervised and unsupervised machine learning pipelines, optimizing models with Scikit-learn and TensorFlow, and deploying scalable Python microservices. Hands-on project experience in academic and commercial environments.",AI/ML Engineer
"Software Developer specializing in web development using JavaScript, React, REST API architecture, HTML5, CSS3 styles, and Git branch workflows. Proven experience in cross-functional projects.",Web Developer
"Software Developer specializing in web development using JavaScript, React, REST API architecture, HTML5, CSS3 styles, and Git branch workflows. Fast learner with strong analytical skills.",Web Developer
"Frontend Developer with experience in modern JavaScript, HTML5, CSS3, React components, and RESTful web services. Proven ability to build pixel-perfect, accessible, and responsive user interfaces. Certified professional eager to drive tech solutions.",Web Developer
"Web Engineer passionate about user experience, frontend performance, React state management, HTML, CSS grid/flexbox, REST APIs, and team collaboration via Git. Passionate about leveraging modern software and data technologies.",Web Developer
"Junior Analyst with hands-on experience in Excel spreadsheet analysis, SQL database queries, Python scripts, statistical distribution analysis, and business intelligence reports. Proven experience in cross-functional projects.",Data Analyst
"Junior Analyst with hands-on experience in Excel spreadsheet analysis, SQL database queries, Python scripts, statistical distribution analysis, and business intelligence reports. Strong technical aptitude and team collaboration abilities.",Data Analyst
"Detail-oriented Business Analyst skilled in gather user requirements, process modeling, data visualization, SQL queries, Excel dashboards, and stakeholder management. Fast learner with strong analytical skills.",Business Analyst
"AI/ML Specialist with expertise in predictive modeling, feature engineering using Pandas, statistical analysis, model deployment, and deep learning frameworks including TensorFlow and PyTorch. Hands-on project experience in academic and commercial environments.",AI/ML Engineer
"System and Security Administrator proficient in Linux terminal scripting, network routing, firewalls, SIEM alert triage, and threat mitigation. Strong technical aptitude and team collaboration abilities.",Cybersecurity Analyst
"System and Security Administrator proficient in Linux terminal scripting, network routing, firewalls, SIEM alert triage, and threat mitigation. Fast learner with strong analytical skills.",Cybersecurity Analyst
"Junior Analyst with hands-on experience in Excel spreadsheet analysis, SQL database queries, Python scripts, statistical distribution analysis, and business intelligence reports. Fast learner with strong analytical skills.",Data Analyst
"Business-focused Data Analyst proficient in SQL, Python, ETL processing, data hygiene, and statistical testing. Skilled at conveying complex data insights using Tableau and Power BI. Passionate about leveraging modern software and data technologies.",Data Analyst
"Junior Analyst with hands-on experience in Excel spreadsheet analysis, SQL database queries, Python scripts, statistical distribution analysis, and business intelligence reports. Adept at troubleshooting, problem solving, and technical writing.",Data Analyst
"Junior Cybersecurity Analyst with hands-on practice in Linux OS, IP networking, Wireshark packet analysis, SIEM dashboard monitoring, and network security practices. Certified professional eager to drive tech solutions.",Cybersecurity Analyst
"Junior Analyst with hands-on experience in Excel spreadsheet analysis, SQL database queries, Python scripts, statistical distribution analysis, and business intelligence reports. Proven experience in cross-functional projects.",Data Analyst
"Business Systems Analyst skilled in translating business goals into requirements specs, using SQL and Excel for data inspection, and presenting reports in Power BI. Proven experience in cross-functional projects.",Business Analyst
"Machine Learning Engineer with strong background in Python, NumPy, Pandas, Scikit-learn, PyTorch, and TensorFlow. Experienced in building deep neural networks, model training, hyperparameter optimization, and Git version control. Passionate about leveraging modern software and data technologies.",AI/ML Engineer
"Passionate Data Analyst intern experienced in exploratory data analysis using Pandas and NumPy. Knowledgeable in SQL queries, Excel formulas, Statistics, and creating dashboards. Hands-on project experience in academic and commercial environments.",Data Analyst
"Data Professional with expertise in Python, SQL, Excel, and Pandas. Proficient in building interactive Power BI dashboards, executing complex data visualizations, and generating actionable business insights. Hands-on project experience in academic and commercial environments.",Data Analyst
"AI/ML Specialist with expertise in predictive modeling, feature engineering using Pandas, statistical analysis, model deployment, and deep learning frameworks including TensorFlow and PyTorch. Hands-on project experience in academic and commercial environments.",AI/ML Engineer
"Software Developer specializing in web development using JavaScript, React, REST API architecture, HTML5, CSS3 styles, and Git branch workflows. Hands-on project experience in academic and commercial environments.",Web Developer
"Cybersecurity Analyst with strong background in computer networking, Linux administration, Python scripting for automation, security auditing, SIEM log analysis, and network defense. Certified professional eager to drive tech solutions.",Cybersecurity Analyst
"Cybersecurity Professional experienced in Linux systems, network protocol analysis, SIEM tools, firewalls, and network security policies. Strong analytical skills and knowledge of ethical hacking principles. Fast learner with strong analytical skills.",Cybersecurity Analyst
"Cybersecurity Analyst with strong background in computer networking, Linux administration, Python scripting for automation, security auditing, SIEM log analysis, and network defense. Certified professional eager to drive tech solutions.",Cybersecurity Analyst
"Strategy & Business Analyst with strong problem-solving skills, SQL proficiency, Excel analytical reporting, requirements gathering, and business process optimization. Adept at troubleshooting, problem solving, and technical writing.",Business Analyst
"Junior Cybersecurity Analyst with hands-on practice in Linux OS, IP networking, Wireshark packet analysis, SIEM dashboard monitoring, and network security practices. Strong technical aptitude and team collaboration abilities.",Cybersecurity Analyst
"Business Systems Analyst skilled in translating business goals into requirements specs, using SQL and Excel for data inspection, and presenting reports in Power BI. Proven experience in cross-functional projects.",Business Analyst
"Web Engineer passionate about user experience, frontend performance, React state management, HTML, CSS grid/flexbox, REST APIs, and team collaboration via Git. Certified professional eager to drive tech solutions.",Web Developer
"Detail-oriented Business Analyst skilled in gather user requirements, process modeling, data visualization, SQL queries, Excel dashboards, and stakeholder management. Adept at troubleshooting, problem solving, and technical writing.",Business Analyst
"Graduate researcher focusing on Machine Learning and Deep Learning. Experienced in writing clean Python code, performing statistical evaluations, utilizing NumPy for tensor computations, and managing code with Git. Proven experience in cross-functional projects.",AI/ML Engineer
"Strategy & Business Analyst with strong problem-solving skills, SQL proficiency, Excel analytical reporting, requirements gathering, and business process optimization. Hands-on project experience in academic and commercial environments.",Business Analyst
"Security Operations Analyst proficient in monitoring network security logs using SIEM software, configuring Linux servers, analyzing network traffic, and incident response procedures. Passionate about leveraging modern software and data technologies.",Cybersecurity Analyst
"Junior Cybersecurity Analyst with hands-on practice in Linux OS, IP networking, Wireshark packet analysis, SIEM dashboard monitoring, and network security practices. Proven experience in cross-functional projects.",Cybersecurity Analyst
"Web Engineer passionate about user experience, frontend performance, React state management, HTML, CSS grid/flexbox, REST APIs, and team collaboration via Git. Adept at troubleshooting, problem solving, and technical writing.",Web Developer
"Experienced Data Analyst skilled in SQL queries, data manipulation with NumPy and Pandas, Excel pivot tables, and statistical modeling. Strong background in ETL pipelines and Tableau visual reporting. Adept at troubleshooting, problem solving, and technical writing.",Data Analyst
"Business Systems Analyst skilled in translating business goals into requirements specs, using SQL and Excel for data inspection, and presenting reports in Power BI. Fast learner with strong analytical skills.",Business Analyst
"Software Developer specializing in web development using JavaScript, React, REST API architecture, HTML5, CSS3 styles, and Git branch workflows. Passionate about leveraging modern software and data technologies.",Web Developer
"Data Science Enthusiast specializing in Machine Learning, Deep Learning, computer vision, and neural network architectures using Python, NumPy, and PyTorch. Familiar with Linux and Git workflows. Adept at troubleshooting, problem solving, and technical writing.",AI/ML Engineer
"Business-focused Data Analyst proficient in SQL, Python, ETL processing, data hygiene, and statistical testing. Skilled at conveying complex data insights using Tableau and Power BI. Hands-on project experience in academic and commercial environments.",Data Analyst
"AI Engineer adept at building supervised and unsupervised machine learning pipelines, optimizing models with Scikit-learn and TensorFlow, and deploying scalable Python microservices. Passionate about leveraging modern software and data technologies.",AI/ML Engineer
"AI/ML Specialist with expertise in predictive modeling, feature engineering using Pandas, statistical analysis, model deployment, and deep learning frameworks including TensorFlow and PyTorch. Strong technical aptitude and team collaboration abilities.",AI/ML Engineer
"Cybersecurity Professional experienced in Linux systems, network protocol analysis, SIEM tools, firewalls, and network security policies. Strong analytical skills and knowledge of ethical hacking principles. Passionate about leveraging modern software and data technologies.",Cybersecurity Analyst
"Experienced Data Analyst skilled in SQL queries, data manipulation with NumPy and Pandas, Excel pivot tables, and statistical modeling. Strong background in ETL pipelines and Tableau visual reporting. Strong technical aptitude and team collaboration abilities.",Data Analyst
"Passionate Data Analyst intern experienced in exploratory data analysis using Pandas and NumPy. Knowledgeable in SQL queries, Excel formulas, Statistics, and creating dashboards. Proven experience in cross-functional projects.",Data Analyst
"Security Operations Analyst proficient in monitoring network security logs using SIEM software, configuring Linux servers, analyzing network traffic, and incident response procedures. Certified professional eager to drive tech solutions.",Cybersecurity Analyst
"Results-oriented Data Analyst adept in Python data processing, SQL stored procedures, Pandas, NumPy, statistical modeling, and designing executive dashboard presentations. Strong technical aptitude and team collaboration abilities.",Data Analyst
"AI Engineer adept at building supervised and unsupervised machine learning pipelines, optimizing models with Scikit-learn and TensorFlow, and deploying scalable Python microservices. Fast learner with strong analytical skills.",AI/ML Engineer
"Information Security Analyst skilled in Linux command line, networking infrastructure, intrusion detection systems, SIEM monitoring, threat detection, and network security standard operating procedures. Strong technical aptitude and team collaboration abilities.",Cybersecurity Analyst
"Junior Cybersecurity Analyst with hands-on practice in Linux OS, IP networking, Wireshark packet analysis, SIEM dashboard monitoring, and network security practices. Hands-on project experience in academic and commercial environments.",Cybersecurity Analyst
"Web Engineer passionate about user experience, frontend performance, React state management, HTML, CSS grid/flexbox, REST APIs, and team collaboration via Git. Adept at troubleshooting, problem solving, and technical writing.",Web Developer
"Business Systems Analyst skilled in translating business goals into requirements specs, using SQL and Excel for data inspection, and presenting reports in Power BI. Adept at troubleshooting, problem solving, and technical writing.",Business Analyst
"AI/ML Specialist with expertise in predictive modeling, feature engineering using Pandas, statistical analysis, model deployment, and deep learning frameworks including TensorFlow and PyTorch. Certified professional eager to drive tech solutions.",AI/ML Engineer
"Web Application Developer proficient in HTML, CSS, JavaScript, React, REST API development, and version control using Git. Knowledgeable in frontend optimization and modern UI frameworks. Passionate about leveraging modern software and data technologies.",Web Developer
"Security Operations Analyst proficient in monitoring network security logs using SIEM software, configuring Linux servers, analyzing network traffic, and incident response procedures. Adept at troubleshooting, problem solving, and technical writing.",Cybersecurity Analyst
"Junior Business Analyst experienced in creating requirements documents, SQL data retrieval, advanced Excel formulas, Power BI dashboards, and cross-functional communication. Proven experience in cross-functional projects.",Business Analyst
"AI Engineer adept at building supervised and unsupervised machine learning pipelines, optimizing models with Scikit-learn and TensorFlow, and deploying scalable Python microservices. Adept at troubleshooting, problem solving, and technical writing.",AI/ML Engineer
"AI/ML Specialist with expertise in predictive modeling, feature engineering using Pandas, statistical analysis, model deployment, and deep learning frameworks including TensorFlow and PyTorch. Proven experience in cross-functional projects.",AI/ML Engineer
"System and Security Administrator proficient in Linux terminal scripting, network routing, firewalls, SIEM alert triage, and threat mitigation. Fast learner with strong analytical skills.",Cybersecurity Analyst
"Junior Web Developer experienced in building interactive frontend interfaces using React, JavaScript, CSS animations, HTML structure, and consuming backend REST APIs. Proficient with Git and GitHub. Strong technical aptitude and team collaboration abilities.",Web Developer
"Frontend Developer with experience in modern JavaScript, HTML5, CSS3, React components, and RESTful web services. Proven ability to build pixel-perfect, accessible, and responsive user interfaces. Passionate about leveraging modern software and data technologies.",Web Developer
"Junior Business Analyst experienced in creating requirements documents, SQL data retrieval, advanced Excel formulas, Power BI dashboards, and cross-functional communication. Proven experience in cross-functional projects.",Business Analyst
"Analytical Business Consultant experienced in requirement engineering, data-driven decision making, Power BI visualization, SQL data analysis, and professional communication. Proven experience in cross-functional projects.",Business Analyst
"AI/ML Specialist with expertise in predictive modeling, feature engineering using Pandas, statistical analysis, model deployment, and deep learning frameworks including TensorFlow and PyTorch. Strong technical aptitude and team collaboration abilities.",AI/ML Engineer
"AI/ML Specialist with expertise in predictive modeling, feature engineering using Pandas, statistical analysis, model deployment, and deep learning frameworks including TensorFlow and PyTorch. Passionate about leveraging modern software and data technologies.",AI/ML Engineer
"Business-focused Data Analyst proficient in SQL, Python, ETL processing, data hygiene, and statistical testing. Skilled at conveying complex data insights using Tableau and Power BI. Adept at troubleshooting, problem solving, and technical writing.",Data Analyst
"Experienced Data Analyst skilled in SQL queries, data manipulation with NumPy and Pandas, Excel pivot tables, and statistical modeling. Strong background in ETL pipelines and Tableau visual reporting. Certified professional eager to drive tech solutions.",Data Analyst
"Security Operations Analyst proficient in monitoring network security logs using SIEM software, configuring Linux servers, analyzing network traffic, and incident response procedures. Adept at troubleshooting, problem solving, and technical writing.",Cybersecurity Analyst
"Data Science Enthusiast specializing in Machine Learning, Deep Learning, computer vision, and neural network architectures using Python, NumPy, and PyTorch. Familiar with Linux and Git workflows. Adept at troubleshooting, problem solving, and technical writing.",AI/ML Engineer
"AI/ML Specialist with expertise in predictive modeling, feature engineering using Pandas, statistical analysis, model deployment, and deep learning frameworks including TensorFlow and PyTorch. Certified professional eager to drive tech solutions.",AI/ML Engineer
"Operations Business Analyst proficient in requirements analysis, statistical business analysis, Excel data modeling, Power BI reports, and problem-solving methodologies. Strong technical aptitude and team collaboration abilities.",Business Analyst
"Full-stack Web Developer skilled in HTML, CSS, JavaScript, React, and REST API integration. Passionate about responsive UI design, clean code standards, frontend state management, and Git collaboration. Adept at troubleshooting, problem solving, and technical writing.",Web Developer
"Information Security Analyst skilled in Linux command line, networking infrastructure, intrusion detection systems, SIEM monitoring, threat detection, and network security standard operating procedures. Hands-on project experience in academic and commercial environments.",Cybersecurity Analyst
"AI Engineer adept at building supervised and unsupervised machine learning pipelines, optimizing models with Scikit-learn and TensorFlow, and deploying scalable Python microservices. Proven experience in cross-functional projects.",AI/ML Engineer
"Data Professional with expertise in Python, SQL, Excel, and Pandas. Proficient in building interactive Power BI dashboards, executing complex data visualizations, and generating actionable business insights. Hands-on project experience in academic and commercial environments.",Data Analyst
"Passionate Data Analyst intern experienced in exploratory data analysis using Pandas and NumPy. Knowledgeable in SQL queries, Excel formulas, Statistics, and creating dashboards. Strong technical aptitude and team collaboration abilities.",Data Analyst
"Cybersecurity Analyst with strong background in computer networking, Linux administration, Python scripting for automation, security auditing, SIEM log analysis, and network defense. Fast learner with strong analytical skills.",Cybersecurity Analyst
"Full-stack Web Developer skilled in HTML, CSS, JavaScript, React, and REST API integration. Passionate about responsive UI design, clean code standards, frontend state management, and Git collaboration. Passionate about leveraging modern software and data technologies.",Web Developer
"Security Operations Analyst proficient in monitoring network security logs using SIEM software, configuring Linux servers, analyzing network traffic, and incident response procedures. Hands-on project experience in academic and commercial environments.",Cybersecurity Analyst
"Data Professional with expertise in Python, SQL, Excel, and Pandas. Proficient in building interactive Power BI dashboards, executing complex data visualizations, and generating actionable business insights. Adept at troubleshooting, problem solving, and technical writing.",Data Analyst
"Junior Analyst with hands-on experience in Excel spreadsheet analysis, SQL database queries, Python scripts, statistical distribution analysis, and business intelligence reports. Adept at troubleshooting, problem solving, and technical writing.",Data Analyst
"AI/ML Specialist with expertise in predictive modeling, feature engineering using Pandas, statistical analysis, model deployment, and deep learning frameworks including TensorFlow and PyTorch. Hands-on project experience in academic and commercial environments.",AI/ML Engineer
"Frontend Developer with experience in modern JavaScript, HTML5, CSS3, React components, and RESTful web services. Proven ability to build pixel-perfect, accessible, and responsive user interfaces. Proven experience in cross-functional projects.",Web Developer
